<?xml version="1.0" encoding="UTF-8"?>
<beans xmlns="http://www.springframework.org/schema/beans"
    xmlns:xsi="http://www.w3.org/2001/XMLSchema-instance" 
    xmlns:context="http://www.springframework.org/schema/context"
    xsi:schemaLocation="http://www.springframework.org/schema/beans
    http://www.springframework.org/schema/beans/spring-beans.xsd
    http://www.springframework.org/schema/context
    http://www.springframework.org/schema/context/spring-context.xsd">

	<!-- load the properties file: sport.properties -->
	<context:property-placeholder location="classpath:sport.properties"/>
	
    <!-- Define your beans here -->
    
    <!-- define the dependency -->
    <bean id="myFortuneService"
    		class="com.spring.demo.HappyFortuneService">
    </bean>
	<!-- define the dependency -->
    <bean id="myRandomFortuneService"
    		class="com.spring.demo.RandomFortuneService">
    </bean>
    
 	<bean id="myBaseBallCoach"
 		class="com.spring.demo.BaseballCoach">
 		
 		<!-- set up constructor injection -->
 		<constructor-arg ref="myFortuneService" />
 	</bean>
    
    <bean id="myCricketCoach" class="com.spring.demo.CricketCoach">

		<property name="cricketCoach" ref="myRandomFortuneService"/>
		<!-- set up setter injection -->
		<!--<property name="fortuneService" ref="myFortuneService" />-->
		
		<!-- inject literal values -->   
		<property name="emailAddress" value="${emailAddress}" />
		<property name="team" value="${team}" />
				
    </bean>
</beans>





